{
  "weights": [
    -0.466149317697991,
    -5.447136783931832,
    4.980987466233814,
    -4.735136166059604,
    -12.917115986651858,
    3.1545337934538544,
    5.463791467057135,
    -4.77979914133871,
    4.31364982364074
  ],
  "windowSize": 5,
  "featureNames": [
    "bias",
    "ratio_big",
    "ratio_small",
    "last_is_big",
    "avg_digit_norm",
    "streak_ratio",
    "change_ratio",
    "red_ratio",
    "green_ratio"
  ],
  "accuracy": 100.0,
  "meta": {
    "samples": 50,
    "iterations": 8000,
    "learningRate": 1
  }
}